id,timestamp,timestamp_local,sn,raw_table_id,wd,ws,sample_temp,sample_rh,pm1,pm25,pm10,co2,co,no,no2,o3,so2,h2s,lat,lon,device_state,pm1_model_id,pm25_model_id,pm10_model_id,co2_model_id,co_model_id,no_model_id,no2_model_id,o3_model_id,so2_model_id,h2s_model_id
1,2021-10-08 18:12:37+00:00,2021-10-08 18:12:37+00:00,MOD-00014,1,0.0,0.0,23.6,47.3,,,,,,,,,,,,,PRE-REGISTERED,,,,,,,,,,
2,2021-10-08 18:13:37+00:00,2021-10-08 18:13:37+00:00,MOD-00014,2,0.0,0.0,23.6,47.3,,,,,,,,,,,,,PRE-REGISTERED,,,,,,,,,,
3,2021-10-08 18:14:37+00:00,2021-10-08 18:14:37+00:00,MOD-00014,3,0.0,0.0,23.6,47.1,,,,,,,,,,,,,PRE-REGISTERED,,,,,,,,,,
4,2021-10-08 18:15:37+00:00,2021-10-08 18:15:37+00:00,MOD-00014,4,0.0,0.0,23.7,47.0,,,,,,,,,,,,,PRE-REGISTERED,,,,,,,,,,
5,2021-10-08 18:16:37+00:00,2021-10-08 18:16:37+00:00,MOD-00014,5,0.0,0.0,23.7,46.9,,,,,,,,,,,,,PRE-REGISTERED,,,,,,,,,,
6,2021-10-08 18:17:37+00:00,2021-10-08 18:17:37+00:00,MOD-00014,6,0.0,0.0,23.7,46.7,,,,,,,,,,,,,PRE-REGISTERED,,,,,,,,,,
7,2021-10-08 18:18:37+00:00,2021-10-08 18:18:37+00:00,MOD-00014,7,0.0,0.0,23.7,46.8,,,,,,,,,,,,,PRE-REGISTERED,,,,,,,,,,
8,2021-10-08 18:19:37+00:00,2021-10-08 18:19:37+00:00,MOD-00014,8,0.0,0.0,23.7,46.9,,,,,,,,,,,,,PRE-REGISTERED,,,,,,,,,,
9,2021-10-08 18:20:37+00:00,2021-10-08 18:20:37+00:00,MOD-00014,9,0.0,0.0,23.7,46.9,,,,,,,,,,,,,PRE-REGISTERED,,,,,,,,,,
10,2021-10-08 18:21:37+00:00,2021-10-08 18:21:37+00:00,MOD-00014,10,0.0,0.0,23.7,46.9,,,,,,,,,,,,,PRE-REGISTERED,,,,,,,,,,
12,2021-10-08 18:22:37+00:00,2021-10-08 18:22:37+00:00,MOD-00014,11,0.0,0.0,23.7,46.9,,,,,,,,,,,,,PRE-REGISTERED,,,,,,,,,,
11,2021-10-08 18:23:37+00:00,2021-10-08 18:23:37+00:00,MOD-00014,12,0.0,0.0,23.7,46.9,,,,,,,,,,,,,PRE-REGISTERED,,,,,,,,,,
13,2021-10-08 18:24:37+00:00,2021-10-08 18:24:37+00:00,MOD-00014,13,0.0,0.0,23.7,46.9,,,,,,,,,,,,,PRE-REGISTERED,,,,,,,,,,
14,2021-10-08 18:25:37+00:00,2021-10-08 18:25:37+00:00,MOD-00014,14,0.0,0.0,23.7,46.9,,,,,,,,,,,,,PRE-REGISTERED,,,,,,,,,,
16,2021-10-08 18:26:37+00:00,2021-10-08 18:26:37+00:00,MOD-00014,15,0.0,0.0,23.7,46.8,,,,,,,,,,,,,PRE-REGISTERED,,,,,,,,,,
15,2021-10-08 18:27:37+00:00,2021-10-08 18:27:37+00:00,MOD-00014,16,0.0,0.0,23.8,46.7,,,,,,,,,,,,,PRE-REGISTERED,,,,,,,,,,
17,2021-10-08 18:28:37+00:00,2021-10-08 18:28:37+00:00,MOD-00014,17,0.0,0.0,23.8,46.6,,,,,,,,,,,,,PRE-REGISTERED,,,,,,,,,,
18,2021-10-08 18:29:37+00:00,2021-10-08 18:29:37+00:00,MOD-00014,18,0.0,0.0,23.8,46.4,,,,,,,,,,,,,PRE-REGISTERED,,,,,,,,,,
19,2021-10-08 18:30:37+00:00,2021-10-08 18:30:37+00:00,MOD-00014,19,0.0,0.0,23.8,46.5,,,,,,,,,,,,,PRE-REGISTERED,,,,,,,,,,
20,2021-10-08 18:31:37+00:00,2021-10-08 18:31:37+00:00,MOD-00014,20,0.0,0.0,23.8,46.6,,,,,,,,,,,,,PRE-REGISTERED,,,,,,,,,,
21,2021-10-08 18:32:37+00:00,2021-10-08 18:32:37+00:00,MOD-00014,21,0.0,0.0,23.8,46.7,,,,,,,,,,,,,PRE-REGISTERED,,,,,,,,,,
22,2021-10-08 18:33:37+00:00,2021-10-08 18:33:37+00:00,MOD-00014,22,0.0,0.0,23.8,46.7,,,,,,,,,,,,,PRE-REGISTERED,,,,,,,,,,
23,2021-10-08 18:34:37+00:00,2021-10-08 18:34:37+00:00,MOD-00014,23,0.0,0.0,23.8,46.7,,,,,,,,,,,,,PRE-REGISTERED,,,,,,,,,,
24,2021-10-08 18:35:37+00:00,2021-10-08 18:35:37+00:00,MOD-00014,24,0.0,0.0,23.8,46.7,,,,,,,,,,,,,PRE-REGISTERED,,,,,,,,,,
25,2021-10-08 18:36:37+00:00,2021-10-08 18:36:37+00:00,MOD-00014,25,0.0,0.0,23.8,46.7,,,,,,,,,,,,,PRE-REGISTERED,,,,,,,,,,
26,2021-10-08 18:37:37+00:00,2021-10-08 18:37:37+00:00,MOD-00014,26,0.0,0.0,23.8,46.8,,,,,,,,,,,,,PRE-REGISTERED,,,,,,,,,,
27,2021-10-08 18:38:37+00:00,2021-10-08 18:38:37+00:00,MOD-00014,27,0.0,0.0,23.8,46.6,,,,,,,,,,,,,PRE-REGISTERED,,,,,,,,,,
28,2021-10-08 18:39:37+00:00,2021-10-08 18:39:37+00:00,MOD-00014,28,0.0,0.0,23.8,46.5,,,,,,,,,,,,,PRE-REGISTERED,,,,,,,,,,
29,2021-10-08 18:40:37+00:00,2021-10-08 18:40:37+00:00,MOD-00014,29,0.0,0.0,23.8,46.4,,,,,,,,,,,,,PRE-REGISTERED,,,,,,,,,,
30,2021-10-08 18:41:37+00:00,2021-10-08 18:41:37+00:00,MOD-00014,30,0.0,0.0,23.8,46.3,,,,,,,,,,,,,PRE-REGISTERED,,,,,,,,,,
31,2021-10-08 18:42:37+00:00,2021-10-08 18:42:37+00:00,MOD-00014,31,0.0,0.0,23.8,46.3,,,,,,,,,,,,,PRE-REGISTERED,,,,,,,,,,
32,2021-10-08 18:43:37+00:00,2021-10-08 18:43:37+00:00,MOD-00014,32,0.0,0.0,23.8,46.4,,,,,,,,,,,,,PRE-REGISTERED,,,,,,,,,,
33,2021-10-08 18:44:37+00:00,2021-10-08 18:44:37+00:00,MOD-00014,33,0.0,0.0,23.8,46.6,,,,,,,,,,,,,PRE-REGISTERED,,,,,,,,,,
34,2021-10-08 18:45:37+00:00,2021-10-08 18:45:37+00:00,MOD-00014,34,0.0,0.0,23.8,46.7,,,,,,,,,,,,,PRE-REGISTERED,,,,,,,,,,
35,2021-10-08 18:46:37+00:00,2021-10-08 18:46:37+00:00,MOD-00014,35,0.0,0.0,23.9,46.7,,,,,,,,,,,,,PRE-REGISTERED,,,,,,,,,,
36,2021-10-08 18:47:37+00:00,2021-10-08 18:47:37+00:00,MOD-00014,36,0.0,0.0,23.9,46.7,,,,,,,,,,,,,PRE-REGISTERED,,,,,,,,,,
37,2021-10-08 18:48:37+00:00,2021-10-08 18:48:37+00:00,MOD-00014,37,0.0,0.0,23.9,46.7,,,,,,,,,,,,,PRE-REGISTERED,,,,,,,,,,
38,2021-10-08 18:49:37+00:00,2021-10-08 18:49:37+00:00,MOD-00014,38,0.0,0.0,23.9,46.7,,,,,,,,,,,,,PRE-REGISTERED,,,,,,,,,,
39,2021-10-08 18:50:37+00:00,2021-10-08 18:50:37+00:00,MOD-00014,39,0.0,0.0,23.9,46.6,,,,,,,,,,,,,PRE-REGISTERED,,,,,,,,,,
42,2021-10-08 18:53:37+00:00,2021-10-08 18:53:37+00:00,MOD-00014,42,0.0,0.0,23.9,46.5,,,,,,,,,,,,,PRE-REGISTERED,,,,,,,,,,
43,2021-10-08 18:54:37+00:00,2021-10-08 18:54:37+00:00,MOD-00014,43,0.0,0.0,23.9,46.5,,,,,,,,,,,,,PRE-REGISTERED,,,,,,,,,,
44,2021-10-08 18:55:37+00:00,2021-10-08 18:55:37+00:00,MOD-00014,44,0.0,0.0,23.9,46.5,,,,,,,,,,,,,PRE-REGISTERED,,,,,,,,,,
45,2021-10-08 18:56:37+00:00,2021-10-08 18:56:37+00:00,MOD-00014,45,0.0,0.0,23.9,46.5,,,,,,,,,,,,,PRE-REGISTERED,,,,,,,,,,
46,2021-10-08 18:57:37+00:00,2021-10-08 18:57:37+00:00,MOD-00014,46,0.0,0.0,23.9,46.6,,,,,,,,,,,,,PRE-REGISTERED,,,,,,,,,,
47,2021-10-08 18:58:37+00:00,2021-10-08 18:58:37+00:00,MOD-00014,47,0.0,0.0,23.9,46.6,,,,,,,,,,,,,PRE-REGISTERED,,,,,,,,,,
48,2021-10-08 18:59:37+00:00,2021-10-08 18:59:37+00:00,MOD-00014,48,0.0,0.0,23.9,46.7,,,,,,,,,,,,,PRE-REGISTERED,,,,,,,,,,
49,2021-10-08 19:00:37+00:00,2021-10-08 19:00:37+00:00,MOD-00014,49,0.0,0.0,23.9,46.7,,,,,,,,,,,,,PRE-REGISTERED,,,,,,,,,,
50,2021-10-08 19:01:37+00:00,2021-10-08 19:01:37+00:00,MOD-00014,50,0.0,0.0,23.9,46.8,,,,,,,,,,,,,PRE-REGISTERED,,,,,,,,,,
51,2021-10-08 19:02:37+00:00,2021-10-08 19:02:37+00:00,MOD-00014,51,0.0,0.0,23.9,46.7,,,,,,,,,,,,,PRE-REGISTERED,,,,,,,,,,
52,2021-10-08 19:03:37+00:00,2021-10-08 19:03:37+00:00,MOD-00014,52,0.0,0.0,23.9,46.6,,,,,,,,,,,,,PRE-REGISTERED,,,,,,,,,,
53,2021-10-08 19:04:37+00:00,2021-10-08 19:04:37+00:00,MOD-00014,53,0.0,0.0,23.9,46.5,,,,,,,,,,,,,PRE-REGISTERED,,,,,,,,,,
54,2021-10-08 19:05:37+00:00,2021-10-08 19:05:37+00:00,MOD-00014,54,0.0,0.0,23.9,46.4,,,,,,,,,,,,,PRE-REGISTERED,,,,,,,,,,
55,2021-10-08 19:06:37+00:00,2021-10-08 19:06:37+00:00,MOD-00014,55,0.0,0.0,23.9,46.3,,,,,,,,,,,,,PRE-REGISTERED,,,,,,,,,,
56,2021-10-08 19:07:37+00:00,2021-10-08 19:07:37+00:00,MOD-00014,56,0.0,0.0,23.9,46.5,,,,,,,,,,,,,PRE-REGISTERED,,,,,,,,,,
57,2021-10-08 19:08:37+00:00,2021-10-08 19:08:37+00:00,MOD-00014,57,0.0,0.0,23.9,46.5,,,,,,,,,,,,,PRE-REGISTERED,,,,,,,,,,
58,2021-10-08 19:09:37+00:00,2021-10-08 19:09:37+00:00,MOD-00014,58,0.0,0.0,23.9,46.6,,,,,,,,,,,,,PRE-REGISTERED,,,,,,,,,,
59,2021-10-08 19:10:37+00:00,2021-10-08 19:10:37+00:00,MOD-00014,59,0.0,0.0,23.9,46.7,,,,,,,,,,,,,PRE-REGISTERED,,,,,,,,,,
60,2021-10-08 19:11:37+00:00,2021-10-08 19:11:37+00:00,MOD-00014,60,0.0,0.0,23.9,46.7,,,,,,,,,,,,,PRE-REGISTERED,,,,,,,,,,
